b, S
0, 2.44
0.1, 2.53025
0.2, 2.61718
0.3, 2.70101
0.4, 2.78197
0.5, 2.8602
0.6, 2.93589
0.7, 3.03395
0.8, 3.12048
0.9, 3.20164
1, 3.27795
1.1, 3.35327
1.2, 3.42473
1.3, 3.49529
1.4, 3.56303
1.5, 3.62645
1.6, 3.68999
1.7, 3.75346
1.8, 3.81744
1.9, 3.88185
2, 3.93961
2.1, 3.99651
2.2, 4.05016
2.3, 4.10354
2.4, 4.15652
2.5, 4.20142
2.6, 4.24846
2.7, 4.28959
2.8, 4.33494
2.9, 4.3802
3, 4.42359
3.1, 4.46529
3.2, 4.50884
3.3, 4.54979
3.4, 4.59127
3.5, 4.63246
3.6, 4.67017
3.7, 4.70836
3.8, 4.74808
3.9, 4.78604
4, 4.82699
4.1, 4.86777
4.2, 4.90565
4.3, 4.94545
4.4, 4.98194
4.5, 5.01678
4.6, 5.05262
4.7, 5.08519
4.8, 5.11817
4.9, 5.14826
5, 5.18095
5.1, 5.21668
5.2, 5.25148
5.3, 5.28643
5.4, 5.3256
5.5, 5.36064
5.6, 5.39732
5.7, 5.43429
5.8, 5.46937
5.9, 5.5039
6, 5.53738
6.1, 5.57128
6.2, 5.60412
6.3, 5.64189
6.4, 5.6828
6.5, 5.72025
6.6, 5.76097
6.7, 5.79819
6.8, 5.83732
6.9, 5.86974
7, 5.90252
7.1, 5.93388
7.2, 5.96484
7.3, 5.99337
7.4, 6.02271
7.5, 6.04964
7.6, 6.07868
7.7, 6.10578
7.8, 6.13272
7.9, 6.16239
8, 6.1897
8.1, 6.21773
8.2, 6.24644
8.3, 6.27387
8.4, 6.30482
8.5, 6.3391
8.6, 6.37352
8.7, 6.40668
8.8, 6.43826
8.9, 6.4695
9, 6.49909
9.1, 6.52564
9.2, 6.55013
9.3, 6.57518
9.4, 6.60033
9.5, 6.62414
9.6, 6.64869
9.7, 6.67366
9.8, 6.69904
9.9, 6.72937
10, 6.7593
10.1, 6.79049
10.2, 6.82005
10.3, 6.84966
10.4, 6.87929
10.5, 6.90509
10.6, 6.93169
10.7, 6.95444
10.8, 6.97817
10.9, 7.00117
11, 7.02295
11.1, 7.04526
11.2, 7.0753
11.3, 7.10783
11.4, 7.13692
11.5, 7.16684
11.6, 7.19535
11.7, 7.21686
11.8, 7.23943
11.9, 7.26149
12, 7.28274
12.1, 7.30384
12.2, 7.32688
12.3, 7.35185
12.4, 7.37836
12.5, 7.40391
12.6, 7.42914
12.7, 7.45132
12.8, 7.47486
12.9, 7.49743
13, 7.51631
13.1, 7.53437
13.2, 7.56159
13.3, 7.58899
13.4, 7.61672
13.5, 7.64497
13.6, 7.67322
13.7, 7.69339
13.8, 7.71374
13.9, 7.73404
14, 7.75549
14.1, 7.77867
14.2, 7.79946
14.3, 7.82144
14.4, 7.84247
14.5, 7.86722
14.6, 7.89381
14.7, 7.92038
14.8, 7.94415
14.9, 7.96729
15, 7.99237
15.1, 8.01631
15.2, 8.03536
15.3, 8.05425
15.4, 8.07488
15.5, 8.09455
15.6, 8.11304
15.7, 8.13325
15.8, 8.15295
15.9, 8.17121
16, 8.19272
16.1, 8.21311
16.2, 8.23839
16.3, 8.26387
16.4, 8.29118
16.5, 8.31703
16.6, 8.34297
16.7, 8.36726
16.8, 8.38937
16.9, 8.41201
17, 8.43622
17.1, 8.46018
17.2, 8.4831
17.3, 8.50418
17.4, 8.52762
17.5, 8.54704
17.6, 8.56499
17.7, 8.58319
17.8, 8.60164
17.9, 8.61914
18, 8.63669
18.1, 8.65555
18.2, 8.67376
18.3, 8.69144
18.4, 8.71062
18.5, 8.72819
18.6, 8.74726
18.7, 8.76513
18.8, 8.78347
18.9, 8.80267
19, 8.82182
19.1, 8.83993
19.2, 8.85773
19.3, 8.88282
19.4, 8.90576
19.5, 8.93099
19.6, 8.95541
19.7, 8.97887
19.8, 9.00335
19.9, 9.02311
20, 9.04173
20.1, 9.06059
20.2, 9.07752
20.3, 9.09459
20.4, 9.11248
20.5, 9.12786
20.6, 9.14484
20.7, 9.16125
20.8, 9.17869
20.9, 9.19779
21, 9.21471
21.1, 9.23621
21.2, 9.25709
21.3, 9.2807
21.4, 9.30512
21.5, 9.32782
21.6, 9.35056
21.7, 9.36793
21.8, 9.385
21.9, 9.40264
22, 9.42222
22.1, 9.43818
22.2, 9.45934
22.3, 9.48109
22.4, 9.50291
22.5, 9.52497
22.6, 9.54504
22.7, 9.56522
22.8, 9.58594
22.9, 9.60169
23, 9.61492
23.1, 9.6307
23.2, 9.64563
23.3, 9.66209
23.4, 9.67768
23.5, 9.69305
23.6, 9.709
23.7, 9.72438
23.8, 9.73948
23.9, 9.75484
24, 9.77226
24.1, 9.78799
24.2, 9.80319
24.3, 9.81852
24.4, 9.83562
24.5, 9.85164
24.6, 9.8694
24.7, 9.88578
24.8, 9.90219
24.9, 9.91912
25, 9.93824
25.1, 9.96059
25.2, 9.97986
25.3, 10.0021
25.4, 10.0239
25.5, 10.045
25.6, 10.0624
25.7, 10.08
25.8, 10.0949
25.9, 10.1112
26, 10.1244
26.1, 10.1389
26.2, 10.1532
26.3, 10.1682
26.4, 10.1813
26.5, 10.1949
26.6, 10.2115
26.7, 10.226
26.8, 10.2406
26.9, 10.2551
27, 10.2701
27.1, 10.2842
27.2, 10.3009
27.3, 10.3164
27.4, 10.3314
27.5, 10.346
27.6, 10.3612
27.7, 10.3775
27.8, 10.3927
27.9, 10.4082
28, 10.4241
28.1, 10.4454
28.2, 10.4653
28.3, 10.4873
28.4, 10.5074
28.5, 10.529
28.6, 10.5486
28.7, 10.5661
28.8, 10.5813
28.9, 10.5967
29, 10.6087
29.1, 10.6225
29.2, 10.6358
29.3, 10.65
29.4, 10.6629
29.5, 10.6765
29.6, 10.6903
29.7, 10.7043
29.8, 10.7175
29.9, 10.7313
30, 10.7442
30.1, 10.7593
30.2, 10.7728
30.3, 10.7872
30.4, 10.8001
30.5, 10.8148
30.6, 10.8303
30.7, 10.8431
30.8, 10.8569
30.9, 10.8708
31, 10.8864
31.1, 10.902
31.2, 10.9153
31.3, 10.9295
31.4, 10.9457
31.5, 10.965
31.6, 10.9851
31.7, 11.0045
31.8, 11.0255
31.9, 11.0443
32, 11.0648
32.1, 11.0787
32.2, 11.0932
32.3, 11.1061
32.4, 11.1182
32.5, 11.1308
32.6, 11.1438
32.7, 11.1563
32.8, 11.1692
32.9, 11.1816
33, 11.1955
33.1, 11.2083
33.2, 11.2213
33.3, 11.2367
33.4, 11.25
33.5, 11.2638
33.6, 11.2754
33.7, 11.2917
33.8, 11.3089
33.9, 11.3276
34, 11.3463
34.1, 11.365
34.2, 11.382
34.3, 11.3953
34.4, 11.4104
34.5, 11.4243
34.6, 11.4372
34.7, 11.4519
34.8, 11.4662
34.9, 11.4836
35, 11.5027
35.1, 11.5208
35.2, 11.5393
35.3, 11.5575
35.4, 11.5759
35.5, 11.5917
35.6, 11.606
35.7, 11.6176
35.8, 11.6286
35.9, 11.641
36, 11.6525
36.1, 11.6667
36.2, 11.678
36.3, 11.6899
36.4, 11.7027
36.5, 11.7145
36.6, 11.7274
36.7, 11.7391
36.8, 11.7519
36.9, 11.7641
37, 11.7767
37.1, 11.7907
37.2, 11.8021
37.3, 11.8161
37.4, 11.8294
37.5, 11.8418
37.6, 11.8548
37.7, 11.8666
37.8, 11.8812
37.9, 11.8953
38, 11.9085
38.1, 11.9213
38.2, 11.9349
38.3, 11.9526
38.4, 11.9704
38.5, 11.9864
38.6, 12.0049
38.7, 12.0237
38.8, 12.0448
38.9, 12.0611
39, 12.0769
39.1, 12.0914
39.2, 12.1078
39.3, 12.1208
39.4, 12.1309
39.5, 12.1436
39.6, 12.1552
39.7, 12.1663
39.8, 12.1777
39.9, 12.1889
40, 12.2008
40.1, 12.2114
40.2, 12.2236
40.3, 12.2356
40.4, 12.2476
40.5, 12.2588
40.6, 12.2711
40.7, 12.283
40.8, 12.2956
40.9, 12.3086
41, 12.3204
41.1, 12.3341
41.2, 12.3454
41.3, 12.358
41.4, 12.3708
41.5, 12.3861
41.6, 12.4022
41.7, 12.4185
41.8, 12.4352
41.9, 12.4528
42, 12.4693
42.1, 12.481
42.2, 12.4929
42.3, 12.5054
42.4, 12.5202
42.5, 12.5375
42.6, 12.5544
42.7, 12.5718
42.8, 12.5881
42.9, 12.6037
43, 12.6193
43.1, 12.6311
43.2, 12.6429
43.3, 12.6534
43.4, 12.665
43.5, 12.6758
43.6, 12.687
43.7, 12.6971
43.8, 12.7086
43.9, 12.719
44, 12.7309
44.1, 12.742
44.2, 12.7538
44.3, 12.7642
44.4, 12.7763
44.5, 12.7895
44.6, 12.8005
44.7, 12.8106
44.8, 12.8231
44.9, 12.8374
45, 12.854
45.1, 12.8705
45.2, 12.8863
45.3, 12.9021
45.4, 12.917
45.5, 12.9285
45.6, 12.9408
45.7, 12.953
45.8, 12.965
45.9, 12.9767
46, 12.9892
46.1, 13.0028
46.2, 13.0147
46.3, 13.027
46.4, 13.0401
46.5, 13.0572
46.6, 13.0764
46.7, 13.0926
46.8, 13.11
46.9, 13.1261
47, 13.1429
47.1, 13.1544
47.2, 13.1646
47.3, 13.174
47.4, 13.1859
47.5, 13.1965
47.6, 13.2064
47.7, 13.2168
47.8, 13.2275
47.9, 13.2378
48, 13.2489
48.1, 13.26
48.2, 13.2726
48.3, 13.2821
48.4, 13.2928
48.5, 13.3031
48.6, 13.3147
48.7, 13.3254
48.8, 13.3371
48.9, 13.3472
49, 13.3589
49.1, 13.3711
49.2, 13.3837
49.3, 13.4003
49.4, 13.415
49.5, 13.4296
49.6, 13.4444
49.7, 13.4609
49.8, 13.4729
49.9, 13.4857
50, 13.4959
50.1, 13.5075
50.2, 13.5197
50.3, 13.5325
50.4, 13.5454
50.5, 13.5591
50.6, 13.5714
50.7, 13.5864
50.8, 13.6037
50.9, 13.6199
51, 13.6358
51.1, 13.652
51.2, 13.6678
51.3, 13.6797
51.4, 13.692
51.5, 13.7015
51.6, 13.7113
51.7, 13.7216
51.8, 13.7313
51.9, 13.7409
52, 13.7506
52.1, 13.7618
52.2, 13.7705
52.3, 13.7813
52.4, 13.7903
52.5, 13.8012
52.6, 13.8121
52.7, 13.8222
52.8, 13.8317
52.9, 13.8429
53, 13.8539
53.1, 13.8643
53.2, 13.8752
53.3, 13.8869
53.4, 13.8967
53.5, 13.9075
53.6, 13.9186
53.7, 13.93
53.8, 13.9412
53.9, 13.9509
54, 13.9623
54.1, 13.9772
54.2, 13.9923
54.3, 14.0064
54.4, 14.0205
54.5, 14.0359
54.6, 14.0508
54.7, 14.0625
54.8, 14.0731
54.9, 14.0856
55, 14.0982
55.1, 14.1142
55.2, 14.1315
55.3, 14.1468
55.4, 14.1621
55.5, 14.1775
55.6, 14.192
55.7, 14.2022
55.8, 14.2114
55.9, 14.2206
56, 14.2293
56.1, 14.2389
56.2, 14.2504
56.3, 14.2588
56.4, 14.2683
56.5, 14.2783
56.6, 14.2864
56.7, 14.2978
56.8, 14.307
56.9, 14.3167
57, 14.3271
57.1, 14.3371
57.2, 14.3465
57.3, 14.3558
57.4, 14.3661
57.5, 14.3759
57.6, 14.386
57.7, 14.3954
57.8, 14.4067
57.9, 14.4164
58, 14.4274
58.1, 14.4376
58.2, 14.4479
58.3, 14.4575
58.4, 14.4678
58.5, 14.4796
58.6, 14.4916
58.7, 14.5026
58.8, 14.5126
58.9, 14.5232
59, 14.535
59.1, 14.5463
59.2, 14.5574
59.3, 14.5701
59.4, 14.5858
59.5, 14.6017
59.6, 14.6162
59.7, 14.6319
59.8, 14.6497
59.9, 14.6642
60, 14.6779
60.1, 14.6907
60.2, 14.7042
60.3, 14.7156
60.4, 14.724
60.5, 14.733
60.6, 14.7424
60.7, 14.7508
60.8, 14.7601
60.9, 14.7692
61, 14.7792
61.1, 14.7884
61.2, 14.797
61.3, 14.8066
61.4, 14.8157
61.5, 14.8251
61.6, 14.834
61.7, 14.8442
61.8, 14.8538
61.9, 14.864
62, 14.8738
62.1, 14.8833
62.2, 14.8935
62.3, 14.9029
62.4, 14.913
62.5, 14.9231
62.6, 14.9323
62.7, 14.9438
62.8, 14.9534
62.9, 14.9629
63, 14.9742
63.1, 14.9843
63.2, 14.9932
63.3, 15.0065
63.4, 15.0194
63.5, 15.0341
63.6, 15.0489
63.7, 15.0614
63.8, 15.0742
63.9, 15.0841
64, 15.0948
64.1, 15.1057
64.2, 15.1159
64.3, 15.1283
64.4, 15.1428
64.5, 15.1585
64.6, 15.1743
64.7, 15.1892
64.8, 15.2023
64.9, 15.2167
65, 15.2272
65.1, 15.2355
65.2, 15.2444
65.3, 15.2519
65.4, 15.2613
65.5, 15.2697
65.6, 15.2782
65.7, 15.2856
65.8, 15.2957
65.9, 15.304
66, 15.3135
66.1, 15.3233
66.2, 15.3312
66.3, 15.3408
66.4, 15.3502
66.5, 15.3585
66.6, 15.3679
66.7, 15.3778
66.8, 15.3876
66.9, 15.3973
67, 15.4073
67.1, 15.4164
67.2, 15.4266
67.3, 15.4379
67.4, 15.4512
67.5, 15.4632
67.6, 15.4769
67.7, 15.49
67.8, 15.503
67.9, 15.5124
68, 15.521
68.1, 15.5325
68.2, 15.5421
68.3, 15.5522
68.4, 15.5626
68.5, 15.5719
68.6, 15.5828
68.7, 15.5929
68.8, 15.6033
68.9, 15.6132
69, 15.6236
69.1, 15.6345
69.2, 15.6489
69.3, 15.6617
69.4, 15.6765
69.5, 15.6924
69.6, 15.708
69.7, 15.7223
69.8, 15.7332
69.9, 15.7445
70, 15.7541
70.1, 15.7632
70.2, 15.7714
70.3, 15.7796
70.4, 15.788
70.5, 15.7945
70.6, 15.803
70.7, 15.81
70.8, 15.8189
70.9, 15.8285
71, 15.8356
71.1, 15.844
71.2, 15.8529
71.3, 15.8615
71.4, 15.8698
71.5, 15.8795
71.6, 15.8885
71.7, 15.8988
71.8, 15.9076
71.9, 15.918
72, 15.9305
72.1, 15.943
72.2, 15.9565
72.3, 15.9687
72.4, 15.9817
72.5, 15.99
72.6, 16.0001
72.7, 16.0102
72.8, 16.0206
72.9, 16.0298
73, 16.0392
73.1, 16.0484
73.2, 16.0569
73.3, 16.0671
73.4, 16.0769
73.5, 16.0868
73.6, 16.096
73.7, 16.1047
73.8, 16.1155
73.9, 16.1258
74, 16.1354
74.1, 16.1463
74.2, 16.1586
74.3, 16.1718
74.4, 16.1858
74.5, 16.2
74.6, 16.2155
74.7, 16.2316
74.8, 16.2455
74.9, 16.257
75, 16.2702
75.1, 16.2794
75.2, 16.2868
75.3, 16.2951
75.4, 16.3029
75.5, 16.312
75.6, 16.32
75.7, 16.3276
75.8, 16.3356
75.9, 16.3452
76, 16.3533
76.1, 16.3621
76.2, 16.3699
76.3, 16.3785
76.4, 16.3862
76.5, 16.3937
76.6, 16.4025
76.7, 16.4127
76.8, 16.4217
76.9, 16.4301
77, 16.4389
77.1, 16.4474
77.2, 16.4562
77.3, 16.4653
77.4, 16.475
77.5, 16.4851
77.6, 16.4945
77.7, 16.5024
77.8, 16.5115
77.9, 16.5202
78, 16.5321
78.1, 16.5444
78.2, 16.5565
78.3, 16.568
78.4, 16.5813
78.5, 16.5935
78.6, 16.6026
78.7, 16.6125
78.8, 16.6217
78.9, 16.6303
79, 16.6406
79.1, 16.65
79.2, 16.6619
79.3, 16.672
79.4, 16.6816
79.5, 16.6923
79.6, 16.7054
79.7, 16.7181
79.8, 16.7318
79.9, 16.747
80, 16.7631
80.1, 16.7762
80.2, 16.7874
80.3, 16.7982
80.4, 16.8076
80.5, 16.8164
80.6, 16.8235
80.7, 16.831
80.8, 16.8392
80.9, 16.8482
81, 16.8556
81.1, 16.864
81.2, 16.8719
81.3, 16.8791
81.4, 16.8873
81.5, 16.895
81.6, 16.9035
81.7, 16.9128
81.8, 16.9209
81.9, 16.9288
82, 16.9365
82.1, 16.945
82.2, 16.9537
82.3, 16.9617
82.4, 16.9693
82.5, 16.9778
82.6, 16.9877
82.7, 16.9963
82.8, 17.0045
82.9, 17.0138
83, 17.0224
83.1, 17.0307
83.2, 17.0384
83.3, 17.0469
83.4, 17.0586
83.5, 17.0667
83.6, 17.0756
83.7, 17.084
83.8, 17.0936
83.9, 17.1029
84, 17.1115
84.1, 17.1206
84.2, 17.1307
84.3, 17.1424
84.4, 17.1539
84.5, 17.1666
84.6, 17.178
84.7, 17.1897
84.8, 17.2017
84.9, 17.2118
85, 17.2218
85.1, 17.2326
85.2, 17.2457
85.3, 17.2585
85.4, 17.2734
85.5, 17.2858
85.6, 17.2989
85.7, 17.3105
85.8, 17.32
85.9, 17.3298
86, 17.3369
86.1, 17.3443
86.2, 17.3516
86.3, 17.3592
86.4, 17.3653
86.5, 17.3728
86.6, 17.3797
86.7, 17.3875
86.8, 17.3956
86.9, 17.4024
87, 17.4109
87.1, 17.4184
87.2, 17.4252
87.3, 17.4325
87.4, 17.4402
87.5, 17.4474
87.6, 17.457
87.7, 17.4654
87.8, 17.4771
87.9, 17.4879
88, 17.4993
88.1, 17.5111
88.2, 17.5234
88.3, 17.5313
88.4, 17.5389
88.5, 17.5486
88.6, 17.5564
88.7, 17.5644
88.8, 17.574
88.9, 17.5821
89, 17.5903
89.1, 17.599
89.2, 17.6066
89.3, 17.6156
89.4, 17.625
89.5, 17.634
89.6, 17.6431
89.7, 17.6506
89.8, 17.66
89.9, 17.6698
90, 17.6798
90.1, 17.6891
90.2, 17.6976
90.3, 17.7075
90.4, 17.7172
90.5, 17.726
90.6, 17.7369
90.7, 17.7494
90.8, 17.7612
90.9, 17.7744
91, 17.7906
91.1, 17.8044
91.2, 17.8169
91.3, 17.8294
91.4, 17.8397
91.5, 17.8501
91.6, 17.8572
91.7, 17.8645
91.8, 17.8722
91.9, 17.8799
92, 17.8873
92.1, 17.8947
92.2, 17.9023
92.3, 17.9097
92.4, 17.9163
92.5, 17.9246
92.6, 17.9313
92.7, 17.9411
92.8, 17.9482
92.9, 17.9558
93, 17.9635
93.1, 17.971
93.2, 17.9785
93.3, 17.9858
93.4, 17.9933
93.5, 18.0023
93.6, 18.0099
93.7, 18.0176
93.8, 18.0262
93.9, 18.0336
94, 18.0412
94.1, 18.0487
94.2, 18.0571
94.3, 18.0661
94.4, 18.075
94.5, 18.0829
94.6, 18.0912
94.7, 18.0988
94.8, 18.1071
94.9, 18.1151
95, 18.1238
95.1, 18.1315
95.2, 18.1412
95.3, 18.1496
95.4, 18.1583
95.5, 18.167
95.6, 18.1757
95.7, 18.1844
95.8, 18.1928
95.9, 18.2021
96, 18.2111
96.1, 18.2236
96.2, 18.2345
96.3, 18.2458
96.4, 18.2581
96.5, 18.2704
96.6, 18.2811
96.7, 18.2927
96.8, 18.3046
96.9, 18.3194
97, 18.3322
97.1, 18.3434
97.2, 18.3558
97.3, 18.3663
97.4, 18.3747
97.5, 18.382
97.6, 18.3884
97.7, 18.3955
97.8, 18.4028
97.9, 18.4099
98, 18.4177
98.1, 18.4245
98.2, 18.4316
98.3, 18.4384
98.4, 18.4454
98.5, 18.4537
98.6, 18.4618
98.7, 18.4694
98.8, 18.4776
98.9, 18.4848
99, 18.4915
99.1, 18.4986
99.2, 18.5061
99.3, 18.5132
99.4, 18.5216
99.5, 18.53
99.6, 18.5377
99.7, 18.5448
99.8, 18.5534
99.9, 18.5609
100, 18.5681
100.1, 18.5757
100.2, 18.5838
100.3, 18.5924
100.4, 18.6001
100.5, 18.6085
100.6, 18.6161
100.7, 18.6236
100.8, 18.6314
100.9, 18.639
101, 18.6483
101.1, 18.6555
101.2, 18.6651
101.3, 18.6732
101.4, 18.6811
101.5, 18.6902
101.6, 18.6991
101.7, 18.7074
101.8, 18.718
101.9, 18.7279
102, 18.7406
102.1, 18.753
102.2, 18.7627
102.3, 18.7737
102.4, 18.7819
102.5, 18.7921
102.6, 18.8013
102.7, 18.8129
102.8, 18.8245
102.9, 18.8393
103, 18.8526
103.1, 18.865
103.2, 18.8767
103.3, 18.8867
103.4, 18.8953
103.5, 18.9015
103.6, 18.9078
103.7, 18.9161
103.8, 18.9227
103.9, 18.9299
104, 18.9363
104.1, 18.9427
104.2, 18.9508
104.3, 18.9569
104.4, 18.9634
104.5, 18.9709
104.6, 18.9789
104.7, 18.9859
104.8, 18.9929
104.9, 19.0004
105, 19.0074
105.1, 19.015
105.2, 19.021
105.3, 19.0283
105.4, 19.0375
105.5, 19.0445
105.6, 19.0524
105.7, 19.0595
105.8, 19.0672
105.9, 19.0736
106, 19.0817
106.1, 19.0889
106.2, 19.0963
106.3, 19.1054
106.4, 19.113
106.5, 19.12
106.6, 19.1273
106.7, 19.1356
106.8, 19.1427
106.9, 19.151
107, 19.1577
107.1, 19.1652
107.2, 19.1764
107.3, 19.1841
107.4, 19.1925
107.5, 19.1994
107.6, 19.2072
107.7, 19.2154
107.8, 19.224
107.9, 19.2314
108, 19.2409
108.1, 19.2509
108.2, 19.2616
108.3, 19.2729
108.4, 19.2842
108.5, 19.2947
108.6, 19.3053
108.7, 19.3152
108.8, 19.3244
108.9, 19.3344
109, 19.3458
109.1, 19.3591
109.2, 19.3718
109.3, 19.3836
109.4, 19.3953
109.5, 19.4069
109.6, 19.4159
109.7, 19.4235
109.8, 19.4298
109.9, 19.4365
110, 19.443
110.1, 19.4497
110.2, 19.4557
110.3, 19.4623
110.4, 19.4694
110.5, 19.4758
110.6, 19.4834
110.7, 19.4896
110.8, 19.4974
110.9, 19.5037
111, 19.5107
111.1, 19.5171
111.2, 19.5247
111.3, 19.5311
111.4, 19.5394
111.5, 19.5462
111.6, 19.553
111.7, 19.5612
111.8, 19.5678
111.9, 19.5748
112, 19.5825
112.1, 19.5889
112.2, 19.5957
112.3, 19.6049
112.4, 19.6118
112.5, 19.6191
112.6, 19.6268
112.7, 19.6338
112.8, 19.6409
112.9, 19.6484
113, 19.6557
113.1, 19.6632
113.2, 19.6716
113.3, 19.6792
113.4, 19.6866
113.5, 19.6947
113.6, 19.7031
113.7, 19.7101
113.8, 19.7179
113.9, 19.7254
114, 19.7343
114.1, 19.7424
114.2, 19.75
114.3, 19.7574
114.4, 19.7657
114.5, 19.7734
114.6, 19.7831
114.7, 19.792
114.8, 19.8012
114.9, 19.8135
115, 19.8253
115.1, 19.8363
115.2, 19.8471
115.3, 19.8592
115.4, 19.8697
115.5, 19.8828
115.6, 19.8942
115.7, 19.9069
115.8, 19.9178
115.9, 19.9274
116, 19.9343
116.1, 19.9416
116.2, 19.9472
116.3, 19.9538
116.4, 19.9596
116.5, 19.9661
116.6, 19.9744
116.7, 19.9808
116.8, 19.9879
116.9, 19.9947
117, 20.0013
117.1, 20.0072
117.2, 20.0136
117.3, 20.02
117.4, 20.0267
117.5, 20.0346
117.6, 20.0415
117.7, 20.049
117.8, 20.0547
117.9, 20.0618
118, 20.0678
118.1, 20.0748
118.2, 20.0819
118.3, 20.0902
118.4, 20.0973
118.5, 20.1045
118.6, 20.1113
118.7, 20.1188
118.8, 20.1264
118.9, 20.133
119, 20.1406
119.1, 20.1476
119.2, 20.1558
119.3, 20.163
119.4, 20.1697
119.5, 20.1772
119.6, 20.1838
119.7, 20.1914
119.8, 20.1988
119.9, 20.2072
120, 20.2138
120.1, 20.2227
120.2, 20.2314
120.3, 20.2411
120.4, 20.2512
120.5, 20.2615
120.6, 20.2717
120.7, 20.2821
120.8, 20.289
120.9, 20.2974
121, 20.3056
121.1, 20.3138
121.2, 20.3218
121.3, 20.3296
121.4, 20.3374
121.5, 20.346
121.6, 20.3553
121.7, 20.3652
121.8, 20.3771
121.9, 20.388
122, 20.4008
122.1, 20.4136
122.2, 20.4257
122.3, 20.4363
122.4, 20.4451
122.5, 20.4547
122.6, 20.4638
122.7, 20.4714
122.8, 20.4772
122.9, 20.4841
123, 20.49
123.1, 20.4958
123.2, 20.5016
123.3, 20.5084
123.4, 20.5144
123.5, 20.5215
123.6, 20.528
123.7, 20.5346
123.8, 20.5416
123.9, 20.5477
124, 20.554
124.1, 20.5606
124.2, 20.5679
124.3, 20.5729
124.4, 20.5809
124.5, 20.5876
124.6, 20.5948
124.7, 20.6017
124.8, 20.608
124.9, 20.6139
125, 20.6202
125.1, 20.6274
125.2, 20.6337
125.3, 20.6416
125.4, 20.6489
125.5, 20.6562
125.6, 20.6625
125.7, 20.6689
125.8, 20.6768
125.9, 20.6833
126, 20.6908
126.1, 20.6984
126.2, 20.7051
126.3, 20.7135
126.4, 20.7201
126.5, 20.7275
126.6, 20.7336
126.7, 20.7396
126.8, 20.7474
126.9, 20.7542
127, 20.764
127.1, 20.7712
127.2, 20.779
127.3, 20.7853
127.4, 20.792
127.5, 20.7995
127.6, 20.8077
127.7, 20.8157
127.8, 20.8226
127.9, 20.8321
128, 20.8406
128.1, 20.8508
128.2, 20.8604
128.3, 20.87
128.4, 20.8811
128.5, 20.8917
128.6, 20.9018
128.7, 20.9119
128.8, 20.9232
128.9, 20.9355
129, 20.9457
129.1, 20.9563
129.2, 20.9669
129.3, 20.9764
129.4, 20.9837
129.5, 20.9899
129.6, 20.9971
129.7, 21.0029
129.8, 21.0092
129.9, 21.0149
130, 21.0215
130.1, 21.027
130.2, 21.0326
130.3, 21.0395
130.4, 21.0448
130.5, 21.0527
130.6, 21.0591
130.7, 21.0653
130.8, 21.072
130.9, 21.0778
131, 21.0845
131.1, 21.0903
131.2, 21.0969
131.3, 21.1047
131.4, 21.1111
131.5, 21.117
131.6, 21.1239
131.7, 21.1302
131.8, 21.1362
131.9, 21.1431
132, 21.1491
132.1, 21.1559
132.2, 21.1645
132.3, 21.1709
132.4, 21.1774
132.5, 21.1835
132.6, 21.1905
132.7, 21.197
132.8, 21.2034
132.9, 21.2108
133, 21.2181
133.1, 21.226
133.2, 21.2324
133.3, 21.2392
133.4, 21.2459
133.5, 21.254
133.6, 21.2602
133.7, 21.2672
133.8, 21.274
133.9, 21.2806
134, 21.2902
134.1, 21.2974
134.2, 21.3046
134.3, 21.3113
134.4, 21.318
134.5, 21.3265
134.6, 21.3337
134.7, 21.3408
134.8, 21.3512
134.9, 21.3608
135, 21.3705
135.1, 21.381
135.2, 21.3903
135.3, 21.3996
135.4, 21.408
135.5, 21.4159
135.6, 21.4268
135.7, 21.4391
135.8, 21.4518
135.9, 21.4628
136, 21.4748
136.1, 21.486
136.2, 21.4943
136.3, 21.502
136.4, 21.5072
136.5, 21.5129
136.6, 21.5199
136.7, 21.5263
136.8, 21.5319
136.9, 21.5378
137, 21.5436
137.1, 21.549
137.2, 21.5548
137.3, 21.5607
137.4, 21.5676
137.5, 21.5748
137.6, 21.5799
137.7, 21.5863
137.8, 21.5925
137.9, 21.5986
138, 21.6042
138.1, 21.6094
138.2, 21.6163
138.3, 21.624
138.4, 21.6299
138.5, 21.6362
138.6, 21.6425
138.7, 21.6487
138.8, 21.6545
138.9, 21.6606
139, 21.6669
139.1, 21.6737
139.2, 21.6811
139.3, 21.6878
139.4, 21.6946
139.5, 21.7009
139.6, 21.708
139.7, 21.7136
139.8, 21.7199
139.9, 21.7262
140, 21.7333
140.1, 21.7422
140.2, 21.7485
140.3, 21.7548
140.4, 21.7612
140.5, 21.7679
140.6, 21.7743
140.7, 21.7817
140.8, 21.7885
140.9, 21.7968
141, 21.8037
141.1, 21.8093
141.2, 21.8172
141.3, 21.8251
141.4, 21.8315
141.5, 21.8386
141.6, 21.8454
141.7, 21.8532
141.8, 21.8648
141.9, 21.8735
142, 21.8821
142.1, 21.8909
142.2, 21.9004
142.3, 21.9103
142.4, 21.9174
142.5, 21.925
142.6, 21.9327
142.7, 21.9451
142.8, 21.9553
142.9, 21.9652
143, 21.9776
143.1, 21.9893
143.2, 21.999
143.3, 22.0079
143.4, 22.0163
143.5, 22.0249
143.6, 22.0312
143.7, 22.0362
143.8, 22.0412
143.9, 22.0473
144, 22.0528
144.1, 22.0588
144.2, 22.0644
144.3, 22.0703
144.4, 22.0778
144.5, 22.083
144.6, 22.0886
144.7, 22.0944
144.8, 22.1008
144.9, 22.1066
145, 22.1121
145.1, 22.118
145.2, 22.1248
145.3, 22.1316
145.4, 22.1374
145.5, 22.1436
145.6, 22.1489
145.7, 22.1555
145.8, 22.1619
145.9, 22.1682
146, 22.1733
146.1, 22.1807
146.2, 22.1878
146.3, 22.1941
146.4, 22.2012
146.5, 22.207
146.6, 22.2136
146.7, 22.22
146.8, 22.2257
146.9, 22.2317
147, 22.2382
147.1, 22.2456
147.2, 22.2514
147.3, 22.2585
147.4, 22.2643
147.5, 22.2708
147.6, 22.2776
147.7, 22.2839
147.8, 22.2901
147.9, 22.299
148, 22.3068
148.1, 22.313
148.2, 22.3198
148.3, 22.3253
148.4, 22.3314
148.5, 22.3389
148.6, 22.345
148.7, 22.3519
148.8, 22.36
148.9, 22.3668
149, 22.374
149.1, 22.3816
149.2, 22.3892
149.3, 22.3979
149.4, 22.407
149.5, 22.416
149.6, 22.4265
149.7, 22.4373
149.8, 22.446
149.9, 22.4537
150, 22.4617
150.1, 22.4712
150.2, 22.4817
150.3, 22.4926
150.4, 22.5042
150.5, 22.5143
150.6, 22.5263
150.7, 22.5346
150.8, 22.541
150.9, 22.5462
151, 22.5524
151.1, 22.5573
151.2, 22.5633
151.3, 22.5688
151.4, 22.5755
151.5, 22.5811
151.6, 22.5867
151.7, 22.5926
151.8, 22.5984
151.9, 22.6036
152, 22.6091
152.1, 22.6141
152.2, 22.6204
152.3, 22.6277
152.4, 22.6333
152.5, 22.6389
152.6, 22.6446
152.7, 22.6503
152.8, 22.6556
152.9, 22.662
153, 22.6677
153.1, 22.674
153.2, 22.6815
153.3, 22.6876
153.4, 22.6941
153.5, 22.7
153.6, 22.7059
153.7, 22.7121
153.8, 22.7176
153.9, 22.7239
154, 22.7305
154.1, 22.7383
154.2, 22.7438
154.3, 22.7498
154.4, 22.7559
154.5, 22.7621
154.6, 22.7684
154.7, 22.7749
154.8, 22.7818
154.9, 22.7874
155, 22.7952
155.1, 22.8011
155.2, 22.807
155.3, 22.8157
155.4, 22.8241
155.5, 22.8331
155.6, 22.8421
155.7, 22.8505
155.8, 22.8611
155.9, 22.8681
156, 22.8744
156.1, 22.8811
156.2, 22.8873
156.3, 22.8936
156.4, 22.9007
156.5, 22.9078
156.6, 22.9139
156.7, 22.9224
156.8, 22.9296
156.9, 22.9371
157, 22.9448
157.1, 22.9516
157.2, 22.9604
157.3, 22.9699
157.4, 22.9797
157.5, 22.9883
157.6, 23.0002
157.7, 23.0114
157.8, 23.0228
157.9, 23.0329
158, 23.0428
158.1, 23.0518
158.2, 23.0603
158.3, 23.0668
158.4, 23.0721
158.5, 23.0784
158.6, 23.084
158.7, 23.0893
158.8, 23.0946
158.9, 23.1009
159, 23.1062
159.1, 23.1113
159.2, 23.1163
159.3, 23.1214
159.4, 23.1287
159.5, 23.1339
159.6, 23.1397
159.7, 23.1452
159.8, 23.1512
159.9, 23.1563
160, 23.1614
160.1, 23.1672
160.2, 23.1744
160.3, 23.1803
160.4, 23.1862
160.5, 23.1921
160.6, 23.1975
160.7, 23.2032
160.8, 23.2093
160.9, 23.2141
161, 23.2203
161.1, 23.2285
161.2, 23.2337
161.3, 23.2399
161.4, 23.2458
161.5, 23.2521
161.6, 23.2578
161.7, 23.2633
161.8, 23.2694
161.9, 23.2752
162, 23.2827
162.1, 23.2901
162.2, 23.2962
162.3, 23.3014
162.4, 23.3073
162.5, 23.3129
162.6, 23.3187
162.7, 23.3253
162.8, 23.3308
162.9, 23.3394
163, 23.3458
163.1, 23.3516
163.2, 23.3574
163.3, 23.3645
163.4, 23.3713
163.5, 23.376
163.6, 23.383
163.7, 23.3888
163.8, 23.3977
163.9, 23.4058
164, 23.4121
164.1, 23.4176
164.2, 23.424
164.3, 23.4329
164.4, 23.4423
164.5, 23.4507
164.6, 23.4592
164.7, 23.4694
164.8, 23.4783
164.9, 23.4864
165, 23.4933
165.1, 23.501
165.2, 23.5103
165.3, 23.5204
165.4, 23.5308
165.5, 23.5439
165.6, 23.5553
165.7, 23.5645
165.8, 23.5728
165.9, 23.5796
166, 23.5868
166.1, 23.5922
166.2, 23.5972
166.3, 23.602
166.4, 23.6092
166.5, 23.614
166.6, 23.6198
166.7, 23.6244
166.8, 23.6299
166.9, 23.6353
167, 23.6404
167.1, 23.6458
167.2, 23.6511
167.3, 23.6583
167.4, 23.6633
167.5, 23.6688
167.6, 23.6742
167.7, 23.6798
167.8, 23.6857
167.9, 23.6915
168, 23.697
168.1, 23.7018
168.2, 23.7094
168.3, 23.7141
168.4, 23.7198
168.5, 23.7255
168.6, 23.731
168.7, 23.7367
168.8, 23.7421
168.9, 23.7489
169, 23.7548
169.1, 23.7615
169.2, 23.7676
169.3, 23.7734
169.4, 23.7788
169.5, 23.7851
169.6, 23.79
169.7, 23.7961
169.8, 23.8021
169.9, 23.8082
170, 23.8157
170.1, 23.8216
170.2, 23.8281
170.3, 23.8343
170.4, 23.8403
170.5, 23.8459
170.6, 23.8516
170.7, 23.8577
170.8, 23.8657
170.9, 23.8716
171, 23.8772
171.1, 23.8838
171.2, 23.8898
171.3, 23.8964
171.4, 23.9031
171.5, 23.9094
171.6, 23.9182
171.7, 23.9276
171.8, 23.9364
171.9, 23.9461
172, 23.9536
172.1, 23.962
172.2, 23.9683
172.3, 23.9754
172.4, 23.9824
172.5, 23.9888
172.6, 23.9964
172.7, 24.0034
172.8, 24.0109
172.9, 24.0202
173, 24.0291
173.1, 24.0382
173.2, 24.0481
173.3, 24.0608
173.4, 24.0711
173.5, 24.0829
173.6, 24.0906
173.7, 24.0985
173.8, 24.107
173.9, 24.1116
174, 24.1171
174.1, 24.1225
174.2, 24.1266
174.3, 24.1321
174.4, 24.1392
174.5, 24.1441
174.6, 24.1493
174.7, 24.1543
174.8, 24.1598
174.9, 24.1641
175, 24.1693
175.1, 24.1747
175.2, 24.1794
175.3, 24.1871
175.4, 24.1923
175.5, 24.1974
175.6, 24.2034
175.7, 24.2085
175.8, 24.2134
175.9, 24.2191
176, 24.2246
176.1, 24.2298
176.2, 24.2379
176.3, 24.2422
176.4, 24.2482
176.5, 24.2538
176.6, 24.2596
176.7, 24.2647
176.8, 24.2695
176.9, 24.2762
177, 24.2827
177.1, 24.2892
177.2, 24.2955
177.3, 24.3005
177.4, 24.3063
177.5, 24.3116
177.6, 24.3171
177.7, 24.3231
177.8, 24.3282
177.9, 24.3362
178, 24.342
178.1, 24.3468
178.2, 24.3526
178.3, 24.3591
178.4, 24.3647
178.5, 24.3705
178.6, 24.3764
178.7, 24.3823
178.8, 24.3902
178.9, 24.3963
179, 24.4028
179.1, 24.4092
179.2, 24.4148
179.3, 24.4223
179.4, 24.4303
179.5, 24.4388
179.6, 24.4479
179.7, 24.4575
179.8, 24.4659
179.9, 24.4714
180, 24.4773
180.1, 24.4848
180.2, 24.4908
180.3, 24.4969
180.4, 24.5029
180.5, 24.5107
180.6, 24.5201
180.7, 24.5257
180.8, 24.5344
180.9, 24.5433
181, 24.5522
181.1, 24.5608
181.2, 24.5708
181.3, 24.5827
181.4, 24.5931
181.5, 24.6045
181.6, 24.6125
181.7, 24.6223
181.8, 24.6295
181.9, 24.6346
182, 24.6407
182.1, 24.6445
182.2, 24.6497
182.3, 24.6548
182.4, 24.6619
182.5, 24.6661
182.6, 24.6706
182.7, 24.6756
182.8, 24.6808
182.9, 24.686
183, 24.6913
183.1, 24.6962
183.2, 24.7016
183.3, 24.7082
183.4, 24.7129
183.5, 24.7184
183.6, 24.7237
183.7, 24.7286
183.8, 24.7342
183.9, 24.7388
184, 24.7446
184.1, 24.752
184.2, 24.7572
184.3, 24.7623
184.4, 24.7675
184.5, 24.7736
184.6, 24.7789
184.7, 24.7835
184.8, 24.789
184.9, 24.7941
185, 24.801
185.1, 24.8072
185.2, 24.8122
185.3, 24.8184
185.4, 24.8242
185.5, 24.8297
185.6, 24.8347
185.7, 24.8406
185.8, 24.846
185.9, 24.8531
186, 24.858
186.1, 24.8644
186.2, 24.8699
186.3, 24.8755
186.4, 24.8808
186.5, 24.8867
186.6, 24.8927
186.7, 24.8984
186.8, 24.9055
186.9, 24.9124
187, 24.9183
187.1, 24.9238
187.2, 24.9298
187.3, 24.9363
187.4, 24.9421
187.5, 24.9471
187.6, 24.9534
187.7, 24.9618
187.8, 24.9697
187.9, 24.9775
188, 24.9857
188.1, 24.9933
188.2, 25.0018
188.3, 25.0104
188.4, 25.0158
188.5, 25.0219
188.6, 25.0306
188.7, 25.0373
188.8, 25.0451
188.9, 25.0505
189, 25.0574
189.1, 25.0669
189.2, 25.0752
189.3, 25.083
189.4, 25.0919
189.5, 25.1048
189.6, 25.1167
189.7, 25.126
189.8, 25.1347
189.9, 25.1434
190, 25.1504
190.1, 25.1567
190.2, 25.1614
190.3, 25.1665
190.4, 25.1729
190.5, 25.1776
190.6, 25.183
190.7, 25.1879
190.8, 25.192
190.9, 25.1968
191, 25.2018
191.1, 25.2073
191.2, 25.2121
191.3, 25.219
191.4, 25.2244
191.5, 25.229
191.6, 25.2337
191.7, 25.2386
191.8, 25.2435
191.9, 25.2492
192, 25.2544
192.1, 25.2587
192.2, 25.2664
192.3, 25.271
192.4, 25.2759
192.5, 25.2809
192.6, 25.2867
192.7, 25.2918
192.8, 25.2973
192.9, 25.3023
193, 25.3097
193.1, 25.3148
193.2, 25.3192
193.3, 25.3246
193.4, 25.3298
193.5, 25.3355
193.6, 25.3414
193.7, 25.3466
193.8, 25.3523
193.9, 25.3597
194, 25.3654
194.1, 25.3709
194.2, 25.3755
194.3, 25.3806
194.4, 25.3865
194.5, 25.3921
194.6, 25.3975
194.7, 25.4023
194.8, 25.41
194.9, 25.4167
195, 25.4216
195.1, 25.4269
195.2, 25.4328
195.3, 25.4388
195.4, 25.4442
195.5, 25.4498
195.6, 25.4555
195.7, 25.4632
195.8, 25.4696
195.9, 25.4743
196, 25.481
196.1, 25.4874
196.2, 25.4931
196.3, 25.4993
196.4, 25.5051
196.5, 25.5114
196.6, 25.52
196.7, 25.5273
196.8, 25.535
196.9, 25.5426
197, 25.5502
197.1, 25.5596
197.2, 25.5677
197.3, 25.574
197.4, 25.5806
197.5, 25.5894
197.6, 25.5964
197.7, 25.6041
197.8, 25.6133
197.9, 25.6228
198, 25.6337
198.1, 25.6444
198.2, 25.654
198.3, 25.6628
198.4, 25.6714
198.5, 25.6784
198.6, 25.6828
198.7, 25.688
198.8, 25.6927
198.9, 25.6979
199, 25.7026
199.1, 25.7068
199.2, 25.7113
199.3, 25.718
199.4, 25.7227
199.5, 25.7279
199.6, 25.733
199.7, 25.7382
199.8, 25.7425
199.9, 25.7481
